Filters,SSIM
No filter,0.559431954052961
MedianFilter,0.879101031546357
LeeFilter,0.923472002030038
MAPFilter,0.943458313238831
FrostFilter,0.949385519256297
KuanFilter,0.893037613728596
BilateralFilter,0.880374118861278
AnisotropicDiffusionExp,0.971904788678274
AnisotropicDiffusionQuad,0.950052579379906
